,Born,Birth place,Died,Place of Death,Notable Works,Subjects Of Study,Philosophers
0,1856,Ukraine,1922,Palestine,,"Agriculture, Zionism",Aaron David Gordon
1,1907,Poland,1972,York,,"Judaism, Philosophy Of Religion",Abraham Joshua Heschel
2,1316,Germany,1390,Germany,,Gravity,Albert of Saxony
3,1463,Italy,1512,Bologna,,William Of Ockham,Alessandro Achillini
4,1714,Germany,1762,Germany,,"Aesthetics, Gottfried Wilhelm Leibniz, Feeling, Christian, Baron Von Wolff",Alexander Gottlieb Baumgarten
5,1853,Ukraine,1920,Austria,,"Objectivism, Intentionality",Alexius Meinong
6,1857,France,1940,France,,"Philosophy Of Religion, Modernism",Alfred Firmin Loisy
7,1879,Poland,1950,Connecticut,,"Semantics, General Semantics",Alfred Korzybski
8,1861,England,1947,Massachusetts,“Principia Mathematica”,"Education, Mathematics, Philosophy Of Science, Formal Logic, Materialism",Alfred North Whitehead
9,1930,Indiana,1992,Illinois,“The Closing Of The American Mind: How Higher Education Has Failed Democracy And Impoverished The Souls Of Today’S Students”,Higher Education,Allan Bloom
10,500,Clazomenae,428,Lampsacus,,"Eclipse, Cosmology, Nous",Anaxagoras
11,475,Italy,524,Italy,,"Aristotelianism, Universal, Trinity, Porphyry, Free Will",Anicius Manlius Severinus Boethius
12,1843,Sicilies,1904,Italy,,"Socialism, Historical Materialism",Antonio Labriola
13,1797,Italy,1855,Italy,,Philosophy Of Religion,Antonio Rosmini-Serbati
14,1923,England,2010,England,"“There Is A God: How The World’S Most Notorious Atheist Changed His Mind”, “Atheistic Humanism”, “God And Philosophy”","Atheism, Philosophy Of Religion, Theology",Antony Flew
15,384,Greece,322,Greece,"“On The Heavens”, “On Interpretation”, “Ode To Virtue”, “Prior Analytics”, “Organon”, “Politics”, “Posterior Analytics”, “Metaphysica”, “On Generation And Corruption”, “On The Soul”","Biology, Rhetoric, Aristotelianism, Zoology, Universal",Aristotle
16,1878,Italy,1959,Italy,,Phenomenon,Armando Carlini
17,1873,Germany,1962,Maryland,,Great Chain Of Being,Arthur O. Lovejoy
18,1788,Poland,1860,Germany,,"Philosophy Of Art, Panpsychism",Arthur Schopenhauer
19,1882,England,1944,England,"“Fundamental Theory”, “Stellar Movements And The Structure Of The Universe”, “Stars And Atoms”, “Relativity Theory Of Protons And Electrons”, “The Mathematical Theory Of Relativity”, “The Expanding Universe”, “Internal Constitution Of The Stars”, “Science And The Unseen World”","Star, Relativity, Globular Cluster, Physical Constant, Special Relativity",Arthur Stanley Eddington
20,80,India,150,Pakistan,"“Mahayana-Shraddhotpada-Shastra”, “Buddhacarita”",Mahayana,Ashvaghosha
21,1798,France,1857,France,,"Sociology, Social Evolution",Auguste Comte
22,1126,Spain,1198,Marrakech,,"Islam, Platonism, Aristotelianism, Greek Philosophy",Averroes
23,980,Uzbekistan,1037,Iran,"“Kitāb Al-Shifāʾ”, “The Canon Of Medicine”","Islam, History Of Medicine, Aristotelianism, Greek Philosophy",Avicenna
24,1528,Spain,1580,Spain,,"Casuistry, Probabilism",Bartolome de Medina
25,1866,Italy,1952,Italy,,"Political Philosophy, Philosophy Of History, Spiritualism",Benedetto Croce
26,1632,Netherlands,1677,Netherlands,,"Pantheism, Mind-Body Dualism",Benedict de Spinoza
27,1848,England,1923,England,,"Ethics, Metaphysics, Aesthetics, Political Philosophy, Logic",Bernard Bosanquet
28,1670,Netherlands,1733,England,,Virtue,Bernard de Mandeville
29,1872,Wales,1970,Wales,“Principia Mathematica”,"Formal Logic, Nuclear Weapon, Russell’S Paradox, Disarmament, Axiomatic Method",Bertrand Russell
30,1403,Turkey,1472,Italy,“In Calumniatorem Platonis”,"Greek Literature, Platonism",Bessarion
31,570,India,651,India,“Vakyapadiya”,"Philosophy Of Language, Shabdadvaita",Bhartrihari
32,1623,France,1662,France,"“Les Provinciales”, “Essai Pour Les Coniques”, “Traité Du Triangle Arithmétique”, “Pensées”, “The Physical Treatises Of Pascal”","Probability, Conic Section, Pascal’S Triangle, Cycloid, Pascal’S Principle",Blaise Pascal
33,1266,Scotland,1308,Germany,,"Scholasticism, Realism, Incarnation, Immaculate Conception, Divine Union",Blessed John Duns Scotus
34,1905,Germany,1997,Jersey,,"Philosophy Of Science, Scientific Theory, Covering-Law Model",Carl Gustav Hempel
35,1839,Massachusetts,1914,Pennsylvania,,"Category, Induction, Abduction",Charles Sanders Peirce
36,1032,China,1085,China,,"Li, Neo-Confucianism",Cheng Hao
37,1033,China,1107,China,,"Li, Neo-Confucianism, Lixue",Cheng Yi
38,1715,France,1771,France,,Education,Claude-Adrien Helvetius
39,551,China,479,China,,"Ren, Junzi, Xiao, Li, “Shijing”",Confucius
40,1808,Germany,1874,Germany,,"Rationalism, Religion, Dialectic",David Friedrich Strauss
41,1705,England,1757,England,,Associationism,David Hartley
42,1711,Scotland,1776,Scotland,"“Essays, Moral And Political”, “An Enquiry Concerning Human Understanding”, “History Of England”, “A Treatise Of Human Nature”, “Enquiry Concerning The Principles Of Morals”","England, Miracle, Idea, Neutral Monism, Causation",David Hume
43,1713,France,1784,France,"“Rameau’S Nephew”, “Philosophic Thoughts”, “An Essay On Blindness”, “Essai Sur La Peinture”, “Pensées Sur L’Interprétation De La Nature”, “Jacques The Fatalist And His Master”, “L’Entretien Entre D’Alembert Et Diderot”, “Inquiry Concerning Virtue”, “Éléments De Physiologie”, “The Nun”",Dramatic Literature,Denis Diderot
44,1942,China,2017,England,"“Reasons And Persons”, “On What Matters”","Personal Identity, Triple Theory",Derek Parfit
45,179,China,104,China,,Yinyang,Dong Zhongshu
46,1891,Poland,1942,Poland,,"Phenomenology, Thomism",Edith Stein
47,1859,Czechoslovakia,1938,Germany,,"Consciousness, Eidetic Reduction, Phenomenological Reduction",Edmund Husserl
48,1842,Germany,1906,Germany,“The Philosophy Of The Unconscious”,"Rationalism, Irrationalism, Unconscious",Eduard von Hartmann
49,1835,Scotland,1908,England,,"Immanuel Kant, Theology",Edward Caird
50,1862,Finland,1939,Finland,,"Primitive Culture, Marriage, Ethical Relativism, Morality",Edward Westermarck
51,1906,Lithuania,1995,France,,Judaism,Emmanuel Levinas
52,490,Italy,430,Greece,,"Cosmology, Reincarnation, Strife, Element",Empedocles
53,1883,Republic,1949,Netherlands,,Faith,Erich Frank
54,1900,Germany,1980,Switzerland,“Escape From Freedom”,Self-Image,Erich Fromm
55,1901,Czechoslovakia,1985,York,,"Logic, Scientific Method",Ernest Nagel
56,1823,France,1892,France,,"Judaism, Jesus, Rationalism, Religion, Early Church",Ernest Renan
57,1838,Austria,1916,Germany,,"Measurement, Wave, Sensation, Mach Number, Mach’S Principle",Ernst Mach
58,1865,Germany,1923,Germany,,"Christianity, Philosophy Of Religion, Historicism, Society, Relativism",Ernst Troeltsch
59,1887,Austria,1961,Austria,"“My View Of The World”, “Nature And The Greeks”","Quantum, Schrödinger Equation",Erwin Schrodinger
60,1715,France,1780,France,,"John Locke, Sensation",Etienne Bonnot de Condillac
61,1884,France,1978,France,,Middle Ages,Etienne Gilson
62,1792,Germany,1860,Germany,,"Christianity, Hegelianism",Ferdinand Christian Baur
63,1548,Spain,1617,Lisbon,"“De Virtute Et Statu Religionis”, “De Vera Intelligentia Auxilii Efficacis”, “Defensio Fidei Catholicae”, “De Legibus”, “Disputationes Metaphysicae”","Church And State, Theocracy",Francisco Suarez
64,1721,Netherlands,1790,Netherlands,,"Aesthetics, Rationalism, Sensationalism",Franciscus Hemsterhuis
65,1838,Germany,1917,Switzerland,“Psychologie Vom Empirischen Standpunkte”,"Intentionality, Intentionalism",Franz Brentano
66,1886,Germany,1929,Germany,,"Judaism, Existentialism",Franz Rosenzweig
67,1866,England,1957,England,,"Theism, Argument From Design",Frederick Robert Tennant
68,1844,Germany,1900,Germany,"“Thus Spake Zarathustra”, “The Birth Of Tragedy”, “Untimely Meditations”, “The Will To Power”, “Human, All-Too-Human”, “On The Genealogy Of Morals”, “The Gay Science“, “Ecce Homo”, “Beyond Good And Evil”",Philosophy Of Art,Friedrich Nietzsche
69,1768,Poland,1834,Germany,,Protestantism,Friedrich Schleiermacher
70,1807,Germany,1887,Austria,,"Literature, Realism",Friedrich Theodor von Vischer
71,1775,Germany,1854,Switzerland,,"Ego, Consciousness, Free Will, Absolute",Friedrich Wilhelm Joseph von Schelling
72,1849,Bohemia,1923,Germany,,"Language, Epistemology",Fritz Mauthner
73,1866,Poland,1942,Union,,"Buddhism, Indian Philosophy, Logic",Fyodor Ippolitovich Shcherbatskoy
74,1420,Speyer,1495,Württemberg,“Collectorium Circa Iv Libros Sententiarum”,"Scholasticism, Political Economy, William Of Ockham, Economic Theory",Gabriel Biel
75,1862,Switzerland,1906,Switzerland,,Theism,Gaston Frommel
76,283,China,343,China,“Baopuzi”,"Ethics, Daoism, Confucianism, Alchemy",Ge Hong
77,1693,Germany,1750,Germany,,"Gottfried Wilhelm Leibniz, Christian, Baron Von Wolff, Possibility, Monad",Georg Bernhard Bilfinger
78,1842,Denmark,1927,Denmark,“Main Currents In 19Th Century Literature”,"Literature, Michelangelo, Julius Caesar, Voltaire, Naturalism",Georg Brandes
79,1858,Germany,1918,Germany,“Philosophie Des Geldes”,"Economics, Money, Human Being, Social Interaction",Georg Simmel
80,1770,Germany,1831,Germany,“The Philosophy Of Right”,"Rationalism, Absolute Idealism, Dialectic, Absolute Spirit, Geist",Georg Wilhelm Friedrich Hegel
81,1355,Turkey,1452,Greece,,"Aristotelianism, Neoplatonism",George Gemistus Plethon
82,1918,Canada,1988,Canada,“Lament For A Nation: The Defeat Of Canadian Nationalism”,"Canada, Nationalism",George Grant
83,1817,England,1878,England,,Science,George Henry Lewes
84,1863,Massachusetts,1931,Illinois,,"Language, Social Interaction",George Herbert Mead
85,1863,Spain,1952,Italy,,"Skepticism, Poetry, Faith, Reason, Essence",George Santayana
86,1842,Ohio,1921,Connecticut,"“Elements Of Physiological Psychology”, “Psychology, Descriptive And Explanatory”","Biological Psychology, Functionalism, Experimental Psychology",George Trumbull Ladd
87,1861,Ireland,1909,England,,"Theological Liberalism, Modernism",George Tyrrell
88,1620,France,1684,France,,"Animal Magnetism, Matter",Geraud de Cordemoy
89,1668,Italy,1744,Italy,,"Philosophical Anthropology, Providence, Social Evolution",Giambattista Vico
90,1243,Italy,1316,France,,"Aristotelianism, Scholasticism, Papacy, Thomism, Authority",Giles of Rome
91,1925,France,1995,France,"“A Thousand Plateaus”, “The Anti-Oedipus: Capitalism And Schizophrenia”, “Difference And Repetition”, “Capitalism And Schizophrenia”",Metaphysics,Gilles Deleuze
92,1646,Germany,1716,Germany,"“Système Nouveau”, “Nova Methodus Pro Maximis Et Minimis”, “On The Ultimate Origin Of Things”, “Principes De La Nature Et De La Grâce Fondés En Raison”, “Monadologia”, “Reflections On Knowledge, Truth, And Ideas”, “De Arte Combinatoria”, “Hypothesis Physica Nova”, “Theodicy”, “De Principio Individui”","Problem Of Evil, Personalism, Differentiation, Best Of All Possible Worlds, Integration",Gottfried Wilhelm Leibniz
93,1729,Germany,1781,Germany,"“Miss Sara Sampson”, “Fragmente Eines Ungenannten”, “Die Juden”, “Hamburg Dramaturgy”, “Minna Von Barnhelm”, “Der Junge Gelehrte”, “Laocoon”, “The Education Of The Human Race”, “Emilia Galotti”, “Nathan The Wise”",Dramatic Literature,Gotthold Ephraim Lessing
94,1848,Germany,1925,Germany,,"Variable, Quantifier",Gottlob Frege
95,1300,Italy,1358,Austria,,Grace,Gregory of Rimini
96,1613,China,1682,China,,Confucianism,Gu Yanwu
97,1801,Germany,1887,Germany,“Elements Of Psychophysics”,"Perception, Sensation, Weber’S Law",Gustav Theodor Fechner
98,1798,Iran,1878,Iran,,Ḥikmah,Hajji Hadi Sabzevari
99,1906,Germany,1975,York,"“Eichmann In Jerusalem”, “Origins Of Totalitarianism”, “The Human Condition”","Anti-Semitism, Adolf Eichmann, Totalitarianism, Trial",Hannah Arendt
100,1891,Germany,1953,California,,"Probability Theory, Induction",Hans Reichenbach
101,1900,Germany,2002,Germany,,Hermeneutics,Hans-Georg Gadamer
102,1905,Poland,1998,Illinois,,"Education, Philosophy Of Education, Psychology",Harry S. Broudy
103,1877,Japan,1950,Japan,,Christianity,Hatano Seiichi
104,1583,Japan,1657,Japan,,"Shintō, Zhu Xi, Neo-Confucianism",Hayashi Razan
105,193,China,249,China,,"Daoism, Confucianism, Wuwei, Wu, Qingtan",He Yan
106,1088,India,1172,India,"“Arhanniti”, “Trishashtishalakapurusha-Charita”",Jainism,Hemachandra
107,1859,France,1941,France,,"Evolution, Time, Human Intelligence, Memory, Instinct",Henri Bergson
108,1863,France,1954,France,,Philosophy Of History,Henri Berr
109,1854,France,1912,France,“Analysis Situs”,"Relativity, Fuchsian Function, Automorphic Function, N-Body Problem",Henri Poincare
110,1820,England,1871,England,,"Philosophy, Sir William Hamilton, 9Th Baronet, Knowledge",Henry Longueville Mansel
111,1838,England,1900,England,“Methods Of Ethics”,"Ethics, Utilitarianism, Egoism, Categorical Imperative, Intuitionism",Henry Sidgwick
112,1820,England,1903,England,"“The Synthetic Philosophy”, “The Proper Sphere Of Government”, “The Principles Of Psychology”, “The Principles Of Sociology”, “Social Statics”, “The Man Versus The State”, “Descriptive Sociology”, “First Principles”","Evolution, Social Change, Social Structure, Cultural Evolution, Survival Of The Fittest",Herbert Spencer
113,1842,Germany,1918,Germany,,Judaism,Hermann Cohen
114,1821,Germany,1894,Germany,"“On The Sensation Of Tone As A Physiological Basis For The Theory Of Music”, “Handbook Of Physiological Optics”","Electricity, Sound, Wave, Non-Euclidean Geometry, Conservation Of Energy",Hermann von Helmholtz
115,1022,Spain,1070,Spain,,Neoplatonism,Ibn Gabirol
116,1724,Prussia,1804,Prussia,"“Critique Of Practical Reason”, “Critique Of Pure Reason”, “Critique Of Judgment”","Political Philosophy, Immortality, Existence Of God, Teleology, Category",Immanuel Kant
117,1809,Germany,1884,Germany,,"Protestantism, Kantianism",Isaak August Dorner
118,1627,Japan,1705,Japan,,Kogaku,Ito Jinsai
119,1822,Netherlands,1893,Italy,,"Thought, Emotion",Jacob Moleschott
120,1930,Algeria,2004,France,,"Metaphysics, Deconstruction, Philosophy",Jacques Derrida
121,1882,France,1973,France,,"Thomas Aquinas, Saint",Jacques Maritain
122,1810,Spain,1848,Spain,,Roman Catholicism,Jaime Luciano Balmes
123,1575,Germany,1624,Germany,,"Mysticism, Alchemy, Paracelsus, Dialectic, Free Will",Jakob Bohme
124,1808,Scotland,1864,Scotland,,Agnoiology,James Frederick Ferrier
125,1904,Ithaca,1979,York,“The Perception Of The Visual World”,"Perception, “The Perception Of The Visual World”",James J. Gibson
126,1861,Carolina,1934,France,,Individual Difference,James Mark Baldwin
127,1805,England,1900,England,,"Unitarianism, Authority, Religion, Conscience",James Martineau
128,1929,France,2007,France,,"Simulacrum, Hyperreality",Jean Baudrillard
129,1712,Switzerland,1778,France,"“Emile: Or, On Education”, “Julie; Or, The New Eloise”, “Rousseau Juge De Jean-Jacques”, “The Reveries Of A Solitary Walker”, “The Profession Of Faith Of A Savoyard Vicar”, “Letter To Monsieur D’Alembert On The Theatre”, “Confessions”, “The Cunning-Man”, “Letters Written From The Mountain”, “A Discourse On The Sciences And The Arts”","Cultural Evolution, General Will",Jean-Jacques Rousseau
130,1905,France,1980,France,"“No Exit”, “Nausea”, “Flaubert”, “Existentialism Is A Humanism”, “Critique Of Dialectical Reason”, “The Flies”, “The Words”, “Saint Genet, Actor And Martyr”, “Search For A Method”, “Le Fantôme De Staline”","Marxism, Existentialism, Phenomenology, Gustave Flaubert, Littérature Engagée",Jean-Paul Sartre
131,1748,England,1832,England,,"Utility, Law",Jeremy Bentham
132,1898,Germany,1955,Switzerland,,"Sociology, Phenomenology Of Religion, Religion, Comparative Religion",Joachim Wach
133,1762,Germany,1814,Germany,,"Germany, Secondary Education, Elementary Education, Ego, Practical Reason",Johann Gottlieb Fichte
134,1728,Alsace,1777,Germany,"“Neues Organon”, “Die Theorie Der Parallellinien”","Light, Measurement, Pi, Hyperbolic Functions, Irrational Number",Johann Heinrich Lambert
135,1290,England,1346,England,,"Aristotelianism, Latin Averroism",John Baconthorpe
136,1859,Vermont,1952,York,,"Philosophy Of Education, Progressive Education",John Dewey
137,1842,Connecticut,1901,Massachusetts,"“The Critical Period Of American History, 1783–1789”, “Outlines Of Cosmic Philosophy”",Evolution,John Fiske
138,1911,England,1960,England,,Linguistics,John Langshaw Austin
139,1632,England,1704,England,"“Two Treatises Of Government”, “The Reasonableness Of Christianity”, “Some Thoughts Concerning Education”, “Essays On The Law Of Nature”, “A Letter Concerning Toleration”, “An Essay Concerning Human Understanding”, “Two Tracts On Government”","Christianity, Language, Government, Universal, Personal Identity",John Locke
140,1852,England,1949,England,"“Studies And Exercises In Formal Logic”, “The Scope And Method Of Political Economy”","Economics, Deduction, Induction, Methodology",John Neville Keynes
141,1860,Scotland,1936,England,,"Coal Mining, Safety, Mine Gas, Gas Exchange",John Scott Haldane
142,1806,England,1873,France,"“Principles Of Political Economy”, “Autobiography”, “Considerations On Representative Government”, “Essays On Some Unsettled Questions Of Political Economy”, “Utilitarianism”, “A System Of Logic”, “Examination Of Sir William Hamilton’S Philosophy”, “The Subjection Of Women”, “On Liberty”","Utilitarianism, Induction",John Stuart Mill
143,1834,England,1923,England,,"Probability Theory, Venn Diagram, Categorical Proposition, Syllogism",John Venn
144,1330,England,1384,England,,"Lollards, Predestination, Transubstantiation",John Wycliffe
145,1255,France,1306,France,,"Papacy, Thomism, Authority, Church And State, Eucharist",John of Paris
146,1120,England,1180,France,,Political Philosophy,John of Salisbury
147,1703,Connecticut,1758,Jersey,,"Puritanism, Revivalism",Jonathan Edwards
148,1883,Spain,1955,Spain,,Mass Society,Jose Ortega y Gasset
149,1882,Mexico,1959,Mexico,,Monism,Jose Vasconcelos
150,1692,England,1752,England,,"Ethics, Revelation, Religion",Joseph Butler
151,1733,England,1804,Pennsylvania,"“Essay On The First Principles Of Government And On The Nature Of Political, Civil, And Religious Liberty”, “The History And Present State Of Electricity, With Original Experiments”","Electricity, Gas, Atmosphere, Photosynthesis, Oxide",Joseph Priestley
152,1855,California,1916,Massachusetts,,"Truth, Will",Josiah Royce
153,1887,England,1975,England,,"Evolution, Taxonomy, Embryo, Behaviour",Julian Huxley
154,1547,Belgium,1606,Belgium,"“On Constancy”, “Six Books Of Politics Or Political Instruction”",Stoicism,Justus Lipsius
155,1883,Germany,1969,Switzerland,,Psychopathology,Karl Jaspers
156,1818,Germany,1883,England,"“Das Kapital”, “The Communist Manifesto”","Philosophy Of History, Capitalism, Use Value, Exchange Value",Karl Marx
157,1902,Austria,1994,England,“The Logic Of Scientific Discovery”,"Scientific Method, Criterion Of Falsifiability, Induction",Karl Popper
158,1619,Japan,1691,Japan,,"Wang Yangming, Neo-Confucianism",Kumazawa Banzan
159,1823,Poland,1891,Germany,,"Algebraic Equation, Algebraic Number, Elliptic Function",Leopold Kronecker
160,772,China,841,China,,Confucianism,Li Ao
161,1893,China,1988,China,“Dongxiwenhua Ji Qu Zhexue”,"China, Peasantry, Neo-Confucianism",Liang Shuming
162,1407,Italy,1457,Italy,,"Latin Language, Grammar, Donation Of Constantine",Lorenzo Valla
163,1918,Algeria,1990,France,,"Marxism, Structuralism",Louis Althusser
164,1883,France,1951,France,,Ontology,Louis Lavelle
165,1868,France,1914,France,,"Logic, Gottfried Wilhelm Leibniz, Formal System, International Language",Louis-Alexandre Couturat
166,1139,China,1193,China,,"Xinxue, Neo-Confucianism",Lu Jiuyuan
167,1857,France,1939,France,“Ethics And Moral Science”,Primitive Culture,Lucien Levy-Bruhl
168,1872,Germany,1956,Switzerland,,Geist,Ludwig Klages
169,1889,Austria,1951,England,"“Philosophical Investigations”, “Tractatus Logico-Philosophicus”","Picture Theory Of Meaning, Proposition, Language Game, Certainty",Ludwig Wittgenstein
170,1238,India,1317,India,,"Hell, Heaven, Dvaita",Madhva
171,1718,Italy,1799,Italy,,Witch Of Agnesi,Maria Gaetana Agnesi
172,1766,France,1824,France,,Will,Marie-Francois-Pierre Maine de Biran
173,1588,France,1648,France,“La Verite Des Sciences”,"Vibration, Pendulum, Mersenne Prime, Cycloid, Prime",Marin Mersenne
174,1910,Wisconsin,2009,Virginia,,"Evolution, Philosophy Of Biology, Existentialism, Martin Heidegger, Karl Jaspers",Marjorie Grene
175,1450,Split,1524,Split,“Judita”,Ethics,Marko Marulic
176,1433,Italy,1499,Italy,,"Plato, Plotinus, Soul",Marsilio Ficino
177,1861,France,1949,France,,Dialectic,Maurice Blondel
178,1908,France,1961,France,,Marxism,Maurice Merleau-Ponty
179,1909,Azerbaijan,1988,York,,"Mathematics, Ludwig Wittgenstein",Max Black
180,1874,Germany,1928,Germany,"“Formalism In Ethics And Non-Formal Ethics Of Values”, “Man’S Place In Nature”","Ethics, Value",Max Scheler
181,1806,Germany,1856,Germany,,Ego,Max Stirner
182,1926,France,1984,France,,"Mental Disorder, Prison, Sexuality, Society",Michel Foucault
183,1824,Germany,1903,Italy,,"Judaism, Anti-Semitism, Comparative Psychology",Moritz Lazarus
184,1902,York,2001,California,"“The Paideia Proposal: An Educational Manifesto”, “The Paideia Program: An Educational Syllabus”","Secondary Education, Adult Education, Elementary Education, Liberal Arts, Paideia",Mortimer J. Adler
185,1135,Spain,1204,Egypt,,"Judaism, Medicine, Philosophy Of Religion, Hebraic Law, Thirteen Articles Of Faith",Moses Maimonides
186,1729,Germany,1786,Germany,,"Judaism, Immortality, Soul, Religious Toleration",Moses Mendelssohn
187,1571,Iran,1640,Iraq,,"Mysticism, Ishrāqīyah, Philosophy Of Nature",Mulla Sadra
188,1658,Japan,1734,Japan,,"Confucianism, Zhu Xi",Muro Kyuso
189,1401,Germany,1464,States,"“De Concordantia Catholica”, “De Docta Ignorantia”","Conciliarism, Papal Primacy",Nicholas of Cusa
190,1822,Russia,1885,Georgia,,"Philosophy Of History, Civilization",Nikolay Yakovlevich Danilevsky
191,1870,Japan,1945,Japan,,"Nothingness, Experience",Nishida Kitaro
192,1880,England,1949,England,,"X-Ray, Measurement, Ionization",Norman Robert Campbell
193,1862,Russia,1915,Germany,“Outlines Of Psychology”,Thought,Oswald Kulpe
194,1880,Germany,1936,Germany,,Culture,Oswald Spengler
195,1841,Prussia,1921,Germany,"“Deutsches Privatrecht”, “Das Deutsche Genossenschaftsrecht”","Devolution, Pluralism, Historical Jurisprudence",Otto Friedrich von Gierke
196,1882,Austria,1945,England,,Logical Positivism,Otto Neurath
197,1857,Iowa,1934,Illinois,“The Republic”,"Plato, Platonism",Paul Shorey
198,1886,Germany,1965,Illinois,,"Faith, Justification, Theonomy",Paul Tillich
199,1372,Udine,1429,Padua,,Logic,Paul of Venice
200,1647,France,1706,Netherlands,,"Christianity, Heterodoxy",Pierre Bayle
201,1592,France,1655,France,“Syntagma Philosophicum”,Epicurus,Pierre Gassendi
202,1756,France,1837,France,,Étienne Bonnot De Condillac,Pierre Laromiguiere
203,1797,France,1871,France,,Pantheism,Pierre Leroux
204,1625,France,1695,France,,Jansenism,Pierre Nicole
205,1881,France,1955,York,"“The Divine Milieu”, “The Phenomenon Of Man”","Evolution, Peking Man, Noösphere",Pierre Teilhard de Chardin
206,1930,France,1992,France,"“A Thousand Plateaus”, “The Anti-Oedipus: Capitalism And Schizophrenia”, “Capitalism And Schizophrenia”","Psychiatry, Philosophy",Pierre-Felix Guattari
207,1462,Mantua,1525,Bologna,"“De Fato”, “Tractatus De Immortalitate Animae”, “De Incantationibus”",Immortality,Pietro Pomponazzi
208,428,Greece,348,Greece,"“Critias”, “Laches”, “Hippias Major”, “Hippias Minor”, “The Republic”, “Meno”, “Statesman”, “Lysis”, “Laws”, “Crito”","Socrates, Immortality, Philosopher King, Soul, A Priori Knowledge",Plato
209,570,Greece,490,Italy,,"Interval, Number",Pythagoras
210,1879,India,1950,India,,"Maya, Vichara, Monism",Ramana Maharshi
211,1017,India,1137,India,,"Hinduism, Bhakti, Vishishtadvaita, Vedanta, Vishnu",Ramanuja
212,1233,Spain,1316,Spain,“Ars Magna”,"Mysticism, Neoplatonism",Ramon Llull
213,1892,Missouri,1971,Massachusetts,,"Protestantism, Socialism, Pacifism, Neoorthodoxy",Reinhold Niebuhr
214,1596,France,1650,Sweden,"“Letter To Voetius”, “The World”, “The Passions Of The Soul”, “La Géométrie”, “Meditations On First Philosophy, In Which Is Proved The Existence Of God And The Immortality Of The Soul”, “Rules For The Direction Of The Mind”, “The Discourse On Method”, “Principles Of Philosophy”","A Priori Knowledge, Mind-Body Dualism, Philosophy, Methodic Doubt, Innate Idea",Rene Descartes
215,1554,England,1600,England,,Church Of England,Richard Hooker
216,1723,Wales,1791,England,,"American Revolution, French Revolution, National Economy",Richard Price
217,1627,Ireland,1691,England,"“The Christian Virtuoso”, “New Experiments Physico-Mechanicall, Touching The Spring Of The Air And Its Effects”, “The Sceptical Chymist”","Gas, Pressure, Air, Boyle’S Law, Vacuum",Robert Boyle
218,1175,England,1253,England,,Aristotle,Robert Grosseteste
219,1220,England,1292,England,"“Compendium Philosophiae”, “Opus Majus”","Light, Gunpowder, Eyeglasses, Rainbow, Empirical Method",Roger Bacon
220,1884,Germany,1976,Germany,,Theological Existentialism,Rudolf Bultmann
221,1891,Germany,1970,California,,"Formal Logic, Probability Theory, A Priori Knowledge, Verifiability Principle, Analytic Proposition",Rudolf Carnap
222,1869,Germany,1937,Germany,“The Idea Of The Holy”,"Sacred, Religion, Mysterium Tremendum Et Fascinans, Numinous",Rudolf Otto
223,1754,Lithuania,1800,Poland,,"Skepticism, Moses Maimonides, Philosophy",Salomon Maimon
224,1859,Australia,1938,England,"“Space, Time And Deity”","Ethics, Evolution, Space-Time",Samuel Alexander
225,1791,England,1870,England,"“Essays On The Formation And Publication Of Opinions”, “A Critical Dissertation On The Nature, Measures, And Causes Of Value”",Value,Samuel Bailey
226,1815,Germany,1889,Illinois,,"Judaism, Philosophy Of Religion, Reform Judaism",Samuel Hirsch
227,700,India,750,India,,"Upanishad, “Brahma-Sutra-Bhashya”",Shankara
228,1011,China,1077,China,,"“Yijing”, Numerology, Cyclicism, Neo-Confucianism",Shao Yong
229,1872,India,1950,India,,"Yoga, Moksha, Enlightenment",Shri Aurobindo
230,1902,York,1989,California,,Marxism,Sidney Hook
231,1644,France,1696,France,,Truth,Simon Foucher
232,1909,France,1943,England,,Religion,Simone Weil
233,470,Greece,399,Greece,,"Universal, Soul, Idea, Definition, Induction",Socrates
234,1808,Germany,1889,Germany,,"Judaism, Idealism",Solomon Formstecher
235,1813,Denmark,1855,Denmark,,"Christianity, Rationalism, Free Will, Dread, Leap Of Faith",Soren Kierkegaard
236,1886,Russia,1939,Poland,,"Foundations Of Mathematics, Formal System, Mereology, Protothetic",Stanislaw Lesniewski
237,1922,England,2009,California,,"Ethics, Prescriptive Grammar",Stephen Edelston Toulmin
238,1895,York,1985,Connecticut,"“Mind: An Essay On Human Feeling”, “Philosophy In A New Key: A Study In The Symbolism Of Reason, Rite, And Art”, “Feeling And Form”","Semiotics, The Arts, Sign, Symbolism",Susanne K. Langer
239,1890,China,1947,China,,Buddhism,Taixu
240,1832,Republic,1912,Austria,,Greek Philosophy,Theodor Gomperz
241,1903,Germany,1969,Switzerland,“Dialectic Of Enlightenment”,"Philosophy Of Art, Music",Theodor Wiesengrund Adorno
242,1900,Ukraine,1975,California,"“Mankind Evolving”, “Genetics And The Origin Of Species”","Evolution, Speciation, Drosophila, Synthetic Theory Of Evolution",Theodosius Dobzhansky
243,1825,England,1895,England,,"Evolution, Taxonomy, Agnosticism, Religion, Darwinism",Thomas Henry Huxley
244,1588,England,1679,England,,"Sovereignty, Natural Law, Church And State, Absolutism, Social Contract",Thomas Hobbes
245,1710,Scotland,1796,Scotland,,Intuitionism,Thomas Reid
246,1568,Naples,1639,France,"“Dialogo Politico Contra Luterani, Calvinisti Ed Altri Eretici”, “Scelta”, “Metafisica”, “Campanella’S City Of The Sun”, “Philosophia Sensibus Demonstrata”, “De Monarchia Christianorum”","Roman Catholicism, Metaphysics, Humanism, Pragmatism",Tommaso Campanella
247,1585,Portugal,1640,Netherlands,,"Rationalism, Religion",Uriel Acosta
248,1479,India,1531,India,,Suddhadvaita,Vallabha
249,1853,Russia,1900,Russia,“Godmanhood”,Mysticism,Vladimir Sergeyevich Solovyov
250,1892,Germany,1940,Spain,,"Aesthetics, Literature",Walter Benjamin
251,226,China,249,China,,"Emotion, “Yijing”, “Tao-Te Ching”, Dark Learning",Wang Bi
252,27,China,100,China,,"Confucianism, Rationalism, Naturalism",Wang Chong
253,1472,China,1529,China,“Chuanxilu”,"Xinxue, Neo-Confucianism",Wang Yangming
254,1889,Japan,1960,Japan,,"Ethics, Buddhism, Existentialism",Watsuji Tetsuro
255,1901,Germany,1976,Germany,,"Uncertainty Principle, Complementarity Principle, Matrix Mechanics, Spinor Equation",Werner Heisenberg
256,1912,Michigan,1989,Pennsylvania,"“Philosophy And The Scientific Image Of Man”, “Empiricism And The Philosophy Of Mind”",Philosophy Of Mind,Wilfrid Sellars
257,1833,Germany,1911,Austria,,"Social Science, Humanities, Methodology",Wilhelm Dilthey
258,1908,Ohio,2000,Massachusetts,,"Formal Logic, Meaning",Willard Van Orman Quine
259,1756,England,1836,England,"“An Enquiry Concerning Political Justice, And Its Influence On General Virtue And Happiness”","Individualism, Cultural Determinism",William Godwin
260,1842,York,1910,Hampshire,,"Religious Experience, Psychology, Neutral Monism, Free Will, Religious Belief",William James
261,1845,England,1879,Portugal,,"Tribal Self, Biquaternion",William Kingdon Clifford
262,1743,England,1805,England,,"Ethics, Utilitarianism, Argument From Design",William Paley
263,1860,England,1954,England,,Platonism,William Ralph Inge
264,1794,England,1866,England,,Induction,William Whewell
265,1150,France,1231,Italy,,"Theology, Natural Law, Free Will, Liturgy",William of Auxerre
266,1070,France,1121,France,,Universal,William of Champeaux
267,1285,England,1349,Germany,,"Roman Catholicism, Occam’S Razor, Heterodoxy",William of Ockham
268,1885,China,1968,China,,Ren,Xiong Shili
269,300,China,230,China,“Xunzi”,"Confucianism, Human Nature, Li, Good And Evil",Xunzi
270,1635,China,1704,China,,Confucianism,Yan Yuan
271,1020,China,1077,China,,"Ren, Qi",Zhang Zai
272,1017,China,1073,China,"“Tongshu”, “Taijitushuo”","Confucianism, Dark Learning",Zhou Dunyi
273,1130,China,1200,China,,"Qi, Li",Zhu Xi
274,878,Turkistan,950,Syria,,"Political Philosophy, Greek Philosophy",al-Farabi
275,1058,Iran,1111,Iran,,"Islam, Sufism, Sharif",al-Ghazali
